claim_id,claim,maturity,paper_support,proof_or_reduction,assumptions,finite_evidence,table_or_figure,raw_result,fresh_recheck
C01,A sound public blame subject must belong to every legitimate blame set in its observation fibre,proved_in_declared_model,Theorem 2.1,Direct necessity and sufficiency proof,Fixed admissible history set and public projection,Equal-view negative controls,Figure 1,results/pilot/negative-controls.json,Proof reread after bridge integration
C02,Statistically close withholding and honest observations force epsilon+delta >= 1-tau,proved_in_declared_model,Lemma 2.2,Variational bound for total variation,Public randomized test only,Exact equal-view pairs use tau=0,Figure 1,results/pilot/negative-controls.json,No failed control
C03,Prior acceptance does not make a censorable missing opening attributable,proved_in_declared_model; finite_checked,Theorem 3.1,Coupled corrupt-withholding and honest-suppression histories,Transport may suppress without transferable evidence,Ten exact equal-observation pairs; weak judge makes ten false accusations,Figure 1,results/pilot/negative-controls.json,Both production rules issue no omission certificate in censorable cases
C04,E+rho+kappa+Delta <= D is sufficient and sharp in the independent-delay model,proved_in_declared_model; exhaustive_finite_checked,Theorem 3.2,Upper-bound sum and maximum-delay counterexample,Independent attainable delay bounds; inclusive deadline,1008 timing histories,Table 4,results/pilot/timing.json,Exact oracle agrees
C05,Ideal malformed-opening and bounded-service non-opening rules are sound non-frameable and in-class complete,proved_conditionally; finite_checked,Theorem 4.1,Authenticated-record resolution; honest predicate; timing contradiction,Immutable receipts; complete closure; fixed context; service contract,84 histories; 30 certificates; 485 invalid mutations; 410 probes; 925 comparisons,Tables 2 and 4,results/pilot/outcomes.json,No failed expected property
C06,A matching exponent tag alone does not bind an unobserved private scalar payload,proved_in_declared_model; finite_negative_control,Proposition 4.2,Two histories differ only in hidden payload,Payload absent from public observation,416 tag-only compiler controls produce no certificate,Table 3,results/pilot/compiler-outcomes.json,Both generic checkers reject attribution
C07,The tag-bound compiler has conditional evidence soundness non-frameability and in-class completeness,proved_relative_to_interfaces; finite_checked,Theorem 5.2,Signature/key/proof/hash/setup/board/service bad-event reduction,Honest base correctness; correct encryption; real-setup NIZK completeness/soundness; validated setup; fixed registry; board/service assumptions,3328 cases; 1248 certificates; 15392 rejected records from 19 certificate-field templates; 12 focused regressions with 30 checks; 9984 probes; 26624 comparisons,Figure 2; Table 3,results/pilot/compiler-outcomes.json; results/pilot/compiler-regressions.json,"D/D+1 content-versus-timing semantics, late readiness, qualified absence, semantic reference discovery, and non-string closure references rechecked in both paths"
C07T,"Signed-content malformation is independent of receipt time; a correct envelope first observed at D+1 is not bad_entry, while deadline attribution requires timely readiness, bounded delivery, and a complete closure at D",proved_relative_to_service; finite_checked,Sections 5.3-5.4; Theorem 5.2,Separate content predicate from deadline-fulfilment predicate and apply the qualified-omission service argument,Authenticated records; unique accepted duty; matching enabling prefix; timely readiness; bounded delivery; complete closure at D,"Focused cases for receipt at D, correct D+1 under bounded/censorable service, late readiness, genuine qualified absence, and late malformed content",Table 4,results/pilot/compiler-regressions.json,"Both judges classify correct D+1 as timing-only, reject late-readiness attribution, and accept only the true qualified missing case"
C08,Signed records and proof statements are cross-context separated absent forgery or context collision,proved_conditionally; finite_checked,Lemma 5.1,Canonical signed-string comparison,Signature covers full context; collision-resistant context digest,Foreign-context and digest mutations in generic and concrete campaigns,Tables 3 and 6,results/pilot/compiler-mutations.jsonl; results/pilot/schnorr-mutations.jsonl,All specified mutations rejected
C09,Generated-setup non-feedback public-view simulation with retained matching authentication state and causal regenerated public responses,proved_relative_to_interfaces,Theorem 5.3; Section 5.10,Two-stage setup; joint CRS/proof hybrid; legal equal-length multi-key CPA hybrids with actual-prefix continuation; joint base replacement,Matching retained authentication state; non-feedback semantic sampler executable with public recipient keys; real-rendering conformance; joint auxiliary-state/base simulation; joint simulated proof interface; legal dummy; IND-CPA,"319 length/leakage assertions and 51 setup/correlation assertions; finite contracts only, not computational security",None,results/pilot/privacy-lengths.json; results/pilot/privacy-composition.json,Proof and application claims synchronized; arbitrary prescribed-key public-only simulation and arbitrary hidden-feedback MPC explicitly excluded
C10,Fixed public postprocessing preserves an existing transcript simulation,proved_conditionally,Lemma 6.1,One-sample distinguisher composition,Extractor has only simulated public transcript and public coins,Not separately empirical,None,proofs/boundaries.md,No claim that it creates a missing simulator
C11,Linear scalar disclosure is characterized by row-space inclusion and rank increase,proved_in_declared_model; finite_checked,Theorem 6.2; Corollaries 6.3 and 6.4,Affine-kernel and image-size proof,Uniform coefficient vector; fixed or conditioned linear observations,64 comparisons; 85184 evaluations; 45124 cells,Table 4,results/pilot/disclosure.json,Direct enumeration agrees
C12,Three scalar openings reconstruct the constant in the running example,exact_example; finite_checked,Section 6.5,Explicit modular interpolation,F_11 degree-two polynomial,Shares and target enumerated,None,results/pilot/disclosure.json,Applies only to scalar-revealing mechanisms
C13,Tiny exponent lookup is not evidence of computational hiding,proved_elementary_boundary; finite_negative_control,Section 6.6,Injectivity and exhaustive lookup in order-11 group,Toy group only,All 11 scalars recovered,None,results/pilot/exponents.json,No cryptographic privacy claim
C14,"For witnesses satisfying the exact bounded Paillier/tag relation, the displayed toy transcript satisfies both verification equations",proved_algebraically; finite_checked,Proposition 8.1,Direct substitution into both verification equations; no soundness or zero-knowledge inference,Canonical 0 <= z < q < N witness; rho in Z_N^*; honest transcript generation,"8320 decryption, subgroup, aggregate-challenge, response, and honest proof-equation checks",Table 6,results/pilot/schnorr-outcomes.json,All honest arithmetic checks pass; claim expressly excludes context-binding soundness
C14N,The executable 251-value Fiat--Shamir equality transcript is not a sound proof system for the exact bounded relation,finite_negative_control; explicit_nonclaim,Section 8.1 deliberate false-statement control,Construct commitments from chosen challenge/responses and search for a hash fixed point,Owned toy parameters and deterministic 251-value challenge function only; no statement about a production NIZK,False relation Enc(17) versus g^18 accepted after 617 challenge evaluations; 620 counted obligations,Section 8.3; Table 6 context,results/pilot/binding-negative-control.json,Private toy decryption says false; producer and replay equation verifiers both accept
C15,"The eVRF-driven Schnorr partial response derives one common challenge from a pre-nonce seed and full public nonce-tag vector, then binds per-sender evidence in a separate proof/signature context",proved_algebraically; finite_checked,Equation (schnorr-share source label); Section 8.1,"Ordered seed, transcript, and proof/signature contexts; exponentiation of z_i = r_i + c lambda_i x_i",Prime-order group; fixed roster/context; complete public nonce-tag vector; imported valid eVRF verification result; distinct domain separators,4160 concrete cases include exact common-challenge/response checks or expected failure,Table 6,results/pilot/schnorr-cases.jsonl,Both judges recompute the aggregate nonce and common challenge from common fields; subject/key fields bind the body without entering c; attacker-selected-challenge family rejected
C15R,The Schnorr response judge treats the verification-share registry as immutable and rejects a legitimately signed body that substitutes its own share even when its ciphertext/tag equality transcript is true,finite_checked; implementation_conformance,Section 8.1; Section 8.3,Compare body X_i byte-for-byte with registered X[i] before evaluating Z_i = R_i X_i^(c lambda_i),Fixed authenticated registry and canonical context,"n5-s2-r3: registered X=62, substituted X=1, r=206, R=Z=285, registered expected Z=402; 10 checks",Table 6 context,results/pilot/schnorr-share-substitution.json,"True equality transcript and legitimate fixture signature are accepted as such, but both judges return bad_response from immutable-share binding"
C16,Specialized static attribution; public-view privacy only on the generated-setup non-feedback subclass meeting every Theorem 5.3 interface,proved_relative_to_interfaces; finite_checked,Theorem 8.2,Instantiation of Theorems 5.2 and 5.3 with the Schnorr and Paillier relations,"Original fixed-registry real-setup attribution assumptions; privacy additionally requires matching authentication state, public-key-executable non-feedback semantics, causal rendering, joint CRS/proof and auxiliary-state/base simulation, lawful fixed-width encoding and IND-CPA",4160 cases; 9568 mutations; 13728 producer/replay comparisons; 10 focused registered-share obligations; toy proof not used,Table 6,results/pilot/schnorr-outcomes.json; results/pilot/schnorr-share-substitution.json,Schnorr privacy clause narrowed explicitly; fixed width supplies only length compatibility; original attribution and registered-share sources unchanged
C17,The complete deterministic campaign passes within declared bounds,measured; finite_checked,Section 7; PILOT-SPEC.md,Bounded local execution,One worker; Python standard library; toy arithmetic and imported eVRF bit,214915 obligations; 6.064 CPU s; 6.067 wall s; 135312 KiB peak RSS; 319 length/leakage and 51 setup/correlation assertions; 140 invalid setups through 388 calls,Tables 2-6,results/pilot/outcomes.json; results/pilot/measurements.json,"95 tests pass in normal, optimized and hash-seeded runs; 25 deterministic scientific files are included in the clean reproduction comparison"
C18,The retained toy signed/hash encoders agree on canonical JSON bytes and fail closed on specified non-JSON or malformed-Unicode inputs,finite_checked; implementation_boundary,Section 7 compiler campaign encoding paragraph,Cross-implementation fixed vectors and refusal cases,Python JSON data model; toy transcript wire format only; not a production serialization standard,8 valid vectors; 7 invalid vectors; 1 frozen digest; 31 encoding checks; 140 independently labeled malformed setups and 388 public API calls,None,results/pilot/schema-audit.json,"Both encoders agree; [true,2,3,4,5] and all declared malformed setup calls fail closed without producer-validator prefilter, exception, or accusation"
U01,The bridge is an end-to-end production instantiation of the Boneh-Haitner-Lindell-Segev eVRF,not_established_do_not_claim,Sections 8-9,Static Schnorr relation only; eVRF verifier and simulator are imported,Selected construction proof and simulator must be integrated with production parameters,Imported eVRF verification bit; no production eVRF code,None,proofs/schnorr-bridge.md,External-use hold
U02,A concrete board realizes complete closures and worst-case delivery bounds,not_established_do_not_claim,Sections 5 8 and 9,Ideal interface only,Consensus/ledger receipts closure and timing realization required,No live network test,None,proofs/compiler.md,External-use hold
U03,The construction is first optimal or complete relative to all closest work,not_established_do_not_claim,Related work; CURRENT-STATE.md,No universal novelty or lower-bound comparison,Complete theorem-level comparison and human review required,73 references cited; bibliography breadth is not a novelty proof,None,external_resources.csv,External-use hold
U04,The specialization is secure under fully adaptive corruption,not_established_do_not_claim,Section 8.3,Static model explicitly retained,Adaptive eVRF PRF-to-random commitment and simulator obligations required,No adaptive-corruption campaign,None,proofs/schnorr-bridge.md,Excluded from theorem
C19,Fixed public-width Paillier encoding meets the generic length interface without secret-dependent leakage,proved_encoding_property; finite_checked,Section 5.10; Section 8.1; Theorem 8.2,Constant-width scalar encoding and public zero dummy; proofs/privacy-lengths.md,Public N and q<N; checked canonical scalar encoding; no claim to instantiate imported primitives,233 scalar round trips plus domain/length/joint-boundary and leakage-manifest cases: 319 assertions,Section 7.3 (separate from Table 4 mutations),results/pilot/privacy-lengths.json,Length encoding unchanged; matched setup state and absence of hidden feedback do not follow from fixed-width Paillier
C20,The leakage-field manifest rejects raw transcript copies and realized reactive corrupted records; only separately declared ideal outputs or precompilation inputs may overlap the base trace,proved_by_definition_relative_to_declared_maps; finite_interface_checked,Section 5.1; Theorem 5.3; Section 6.2,Independently fixed semantic maps and declared origin/dependency checks; no runtime noninterference inference,Actual implementation respects declared non-feedback semantic law and real-rendering conformance; field names alone are insufficient,15 manifest assertions within 319 length/interface checks; separate dependency checks within 51 composition assertions,Section 7 privacy-interface paragraph,results/pilot/privacy-lengths.json,Old nonempty declared_adversary_outputs input refuses; actual-prefix public outputs generated in each hybrid
C21,Signing changed honest wrapper bodies requires retained private state matching the published authentication registry,defined_interface; finite_conformance_checked,Theorem 5.3 setup paragraph,Two-stage generated registration and view simulation,Authentication and encryption keys independent; retained state not public output; no arbitrary prespecified-key simulation,Matched re-signing; missing state/new key/foreign state rejection; frozen registry and exact-role/counter tests,Section 7 separate interface paragraph,results/pilot/privacy-composition.json,51 shared setup/correlation assertions and focused unit tests; no production key-generation or unforgeability inference
C22,Stale reactive record replay can change a joint view even when public-salt marginals are identical,proved_elementary_boundary; exact_finite_checked,Section 5.10 frozen-replay boundary,Independent public salt and echo relation; actual-prefix regeneration,Uniform finite salt; causal public responder; no hidden feedback,"Alphabets 2,4,8,16; stale joint TV=1-1/n; marginal TV=0; regenerated TV=0",Section 7 separate interface paragraph,results/pilot/privacy-composition.json,Signed stale records retain valid signatures but fail actual-prefix correlation
U05,Privacy for arbitrary existing public keys without retained state or arbitrary ciphertext-driven private feedback,not_established_do_not_claim,Theorem 5.3; Sections 8-9,Outside the generated-setup non-feedback theorem,Requires a different signing-state/oracle interface and interactive simulation proof,No claim that graph annotations establish semantic independence or that production eVRF meets these conditions,Section 7 separate interface paragraph,proofs/privacy-composition.md,"Explicit narrowed scope, not patched by static corruption, fixed widths or simulation soundness"
