name,scholarly_or_official_url,license,access_date,resource_type,acquisition_method,integration_mode,supported_claim,internals_modified
Exponent-VRFs and Their Applications (ePrint),https://eprint.iacr.org/2024/397,CC BY indicated by ePrint record,2026-09-16,scholarly full paper and metadata,official ePrint record/PDF inspection,citation and imported-interface facts,eVRF exponent encoding; Paillier/DDH constructions; multiparty and threshold Schnorr application family; no source code redistributed,no
Exponent-VRFs and Their Applications (Springer record),https://doi.org/10.1007/978-3-031-91098-2_8,IACR/Springer publication; no full text redistributed,2026-09-16,official publisher record,web inspection,bibliographic verification,author order; publication venue/date/pages,no
Proofs of Discrete Logarithm Equality Across Groups,https://eprint.iacr.org/2022/1593,CC BY indicated by ePrint record; no full text redistributed,2026-09-16,scholarly full paper and metadata,official ePrint record/PDF inspection,citation and proof-system boundary calibration,cross-group Sigma protocol; Fiat--Shamir-with-aborts analysis and concrete parameters are richer than the toy equations,no
Golden: Lightweight Non-Interactive Distributed Key Generation,https://doi.org/10.1007/978-3-032-35374-0_8,ePrint distribution terms; no full text redistributed,2026-09-16,official publisher record plus scholarly ePrint,publisher record and official ePrint inspection,closest-work positioning,published CRYPTO 2026 metadata; two-party eVRF use in publicly verifiable non-interactive DKG,no
Fully-Adaptive Two-Round Threshold Schnorr Signatures from DDH,https://doi.org/10.1007/978-3-032-25317-0_9,author-hosted manuscript; no redistribution,2026-09-16,official publisher record plus author/ePrint manuscript,publisher record and scholarly manuscript inspection,adaptive-boundary positioning,published EUROCRYPT 2026 metadata; adaptive corruption constrains simulation of prior deterministic nonce outputs after key exposure,no
Efficient Constant-Round MPC with Identifiable Abort and Public Verifiability,https://eprint.iacr.org/2020/767,ePrint distribution terms; no full text redistributed,2026-09-16,scholarly paper,official ePrint inspection,closest-baseline positioning,public-board upgrade for external verification and identification,no
MPC with Publicly Identifiable Abort from Pseudorandomness and Homomorphic Encryption,https://doi.org/10.1007/978-3-031-91092-0_10,IACR/Springer publication; no full text redistributed,2026-09-16,official publisher paper record,publisher/ePrint inspection,closest-work positioning,publicly identifiable abort for outsourced MPC and reported implementation,no
Journal of Cryptology submission guidelines,https://link.springer.com/journal/145/submission-guidelines,publisher webpage; no redistribution,2026-10-04,official venue rules,Direct primary webpage inspection,workflow and manuscript contract only,English single PDF; single-blind review; 150-250 word abstract; 5-10 keywords; numerical alphabetized references; no observed numeric cap; no invented corresponding-author approval,no
Supplied neutral LaTeX carrier,user-supplied TEMPLATE(20260911-054505).zip,not specified by supplier,2026-09-16,user-provided manuscript scaffold,local ZIP inspection,neutral single-PDF carrier,11pt article geometry; class/style unmodified,content replaced; class/style not modified
Python standard library,https://docs.python.org/3/library/,Python Software Foundation License; not vendored,2026-09-16,runtime modules,preinstalled local use,unmodified imports,deterministic generation checking JSON hashing exact arithmetic and bounded process controls,no
Original deterministic fixtures,local artifact/src/,MIT under artifact LICENSE,2026-09-16,owned generated inputs,generated locally,retained source and raw outputs,finite state-machine arithmetic oracle mutation and replay checks,not external
Scholarly bibliography inventory,paper/references.bib,individual publisher/authorship rights; citation metadata only,2026-09-16,73 bibliographic records,official publisher/ePrint/author records and cited-paper metadata,BibTeX citations; no full texts redistributed,related-work coverage across eVRF VRF DKG NIZK encryption MPC accountability delivery and threshold Schnorr,metadata normalized only
Arctic: Lightweight and Stateless Threshold Schnorr Signatures,https://doi.org/10.1007/978-3-031-91832-2_8,IACR/Springer publication; no full text redistributed,2026-09-16,official publisher record,publisher record inspection,bibliographic verification and neighboring-protocol calibration,PKC 2025 publication metadata and threshold Schnorr positioning,no
Simple Three-Round Multiparty Schnorr Signing with Full Simulatability,https://doi.org/10.62056/a36c0l5vt,IACR Communications in Cryptology record; no full text redistributed,2026-09-16,official IACR journal record,IACR CiC record inspection,bibliographic verification and related-work calibration,2024 volume/issue/DOI metadata and full-simulatability positioning,no
UC Non-Interactive Proactive Threshold ECDSA with Identifiable Aborts,https://doi.org/10.1145/3372297.3423367,ACM publication; no full text redistributed,2026-09-16,official publisher record plus ePrint,ACM/ePrint metadata inspection,bibliographic verification and identifiable-abort calibration,CCS 2020 publication metadata and identifiable-abort scope,no
Foundations of Cryptography Volume 2 Basic Applications,https://www.cambridge.org/core/books/foundations-of-cryptography/,Cambridge University Press book record; no text redistributed,2026-09-16,official publisher book record,publisher metadata inspection,bibliographic verification,title volume publisher year and ISBN metadata,no
Offline reference audit inventory,artifact/reference_audit.csv,Citation metadata only; individual source rights retained,2026-09-16,local 73-row verification ledger,Inherited primary evidence for 12 records; 61 structural/identifier checks; citation closure rerun locally,build-time offline audit,every source entry is cited and has a unique DOI stable scholarly URL or ISBN; verification level is explicit per row,metadata normalized only
A Graduate Course in Applied Cryptography,https://toc.cryptobook.us/book.pdf,Authors online textbook; not redistributed,2026-10-04,Primary textbook,Primary PDF text plus screenshots of printed pages 439-440,Citation and equal-length game convention only; no source PDF copied,"Section 11.3.2: equal-length public-key CPA challenge pairs, continuing the adversary in hybrid games, multi-key qualification; does not prove the compiler theorem",no
Non-Interactive Zero-Knowledge Proofs for Composite Statements,https://eprint.iacr.org/2018/557,CC BY indicated by ePrint record; no full text redistributed,2026-10-03,scholarly metadata and full paper,official IACR ePrint record inspection,bibliographic correction and citation boundary,"exact title and authors Shashank Agrawal, Chaya Ganesh, and Payman Mohassel; NIZK background",no
Round-Optimal Multi-Party Computation with Identifiable Abort,https://eprint.iacr.org/2022/645,CC BY indicated by ePrint record; no full text redistributed,2026-10-03,scholarly metadata and full paper,official IACR ePrint record inspection,bibliographic correction and closest-work citation,exact title and authors including Hendrik Waldner; identifiable-abort comparison,no
