key,entry_type,authors,title,year,identifier_type,identifier,verification_status,verification_source,cited_in_manuscript,audit_note
agrawal2018composite,inproceedings,Shweta Agrawal and Chaya Ganesh and Payman Mohassel,Non-Interactive Zero-Knowledge Proofs for Composite Statements,2018,doi,10.1007/978-3-319-96878-0_22,stable-identifier-checked,https://doi.org/10.1007/978-3-319-96878-0_22,yes,"Required fields, identifier syntax, uniqueness, and manuscript citation linkage checked offline; live metadata not re-resolved by the deterministic build."
alper2021tworound,inproceedings,Handan Kilin\c{c} Alper and Jeff Burdges,Two-Round Trip Schnorr Multi-Signatures via Delinearized Witnesses,2021,doi,10.1007/978-3-030-84242-0_7,stable-identifier-checked,https://doi.org/10.1007/978-3-030-84242-0_7,yes,"Required fields, identifier syntax, uniqueness, and manuscript citation linkage checked offline; live metadata not re-resolved by the deterministic build."
aumann2010covert,article,Yonatan Aumann and Yehuda Lindell,Security Against Covert Adversaries: Efficient Protocols for Realistic Adversaries,2010,doi,10.1007/s00145-009-9040-7,stable-identifier-checked,https://doi.org/10.1007/s00145-009-9040-7,yes,"Required fields, identifier syntax, uniqueness, and manuscript citation linkage checked offline; live metadata not re-resolved by the deterministic build."
asharov2012calling,inproceedings,Gilad Asharov and Claudio Orlandi,Calling Out Cheaters: Covert Security with Public Verifiability,2012,doi,10.1007/978-3-642-34961-4_41,stable-identifier-checked,https://doi.org/10.1007/978-3-642-34961-4_41,yes,"Required fields, identifier syntax, uniqueness, and manuscript citation linkage checked offline; live metadata not re-resolved by the deterministic build."
baum2014auditable,inproceedings,Carsten Baum and Ivan Damg{\aa}rd and Claudio Orlandi,Publicly Auditable Secure Multi-Party Computation,2014,doi,10.1007/978-3-319-10879-7_11,stable-identifier-checked,https://doi.org/10.1007/978-3-319-10879-7_11,yes,"Required fields, identifier syntax, uniqueness, and manuscript citation linkage checked offline; live metadata not re-resolved by the deterministic build."
baum2016identifiable,inproceedings,Carsten Baum and Emmanuela Orsini and Peter Scholl,Efficient Secure Multiparty Computation with Identifiable Abort,2016,doi,10.1007/978-3-662-53641-4_18,stable-identifier-checked,https://doi.org/10.1007/978-3-662-53641-4_18,yes,"Required fields, identifier syntax, uniqueness, and manuscript citation linkage checked offline; live metadata not re-resolved by the deterministic build."
baum2020public,inproceedings,Carsten Baum and Emmanuela Orsini and Peter Scholl and Eduardo Soria-Vazquez,Efficient Constant-Round {MPC} with Identifiable Abort and Public Verifiability,2020,doi,10.1007/978-3-030-56880-1_20,stable-identifier-checked,https://doi.org/10.1007/978-3-030-56880-1_20,yes,"Required fields, identifier syntax, uniqueness, and manuscript citation linkage checked offline; live metadata not re-resolved by the deterministic build."
baum2024budget,inproceedings,Carsten Baum and Nikolaos Melissaris and Ranjit Kumaresan Rachuri and Peter Scholl,Cheater Identification on a Budget: {MPC} with Identifiable Abort from Pairwise {MACs},2024,doi,10.1007/978-3-031-68397-8_14,stable-identifier-checked,https://doi.org/10.1007/978-3-031-68397-8_14,yes,"Required fields, identifier syntax, uniqueness, and manuscript citation linkage checked offline; live metadata not re-resolved by the deterministic build."
beaver1991circuit,inproceedings,Donald Beaver,Efficient Multiparty Protocols Using Circuit Randomization,1992,doi,10.1007/3-540-46766-1_34,stable-identifier-checked,https://doi.org/10.1007/3-540-46766-1_34,yes,"Required fields, identifier syntax, uniqueness, and manuscript citation linkage checked offline; live metadata not re-resolved by the deterministic build."
bendlin2011semi,inproceedings,Rikke Bendlin and Ivan Damg{\aa}rd and Claudio Orlandi and Sarah Zakarias,Semi-Homomorphic Encryption and Multiparty Computation,2011,doi,10.1007/978-3-642-20465-4_11,stable-identifier-checked,https://doi.org/10.1007/978-3-642-20465-4_11,yes,"Required fields, identifier syntax, uniqueness, and manuscript citation linkage checked offline; live metadata not re-resolved by the deterministic build."
benor1988completeness,inproceedings,Michael Ben-Or and Shafi Goldwasser and Avi Wigderson,Completeness Theorems for Non-Cryptographic Fault-Tolerant Distributed Computation,1988,doi,10.1145/62212.62213,stable-identifier-checked,https://doi.org/10.1145/62212.62213,yes,"Required fields, identifier syntax, uniqueness, and manuscript citation linkage checked offline; live metadata not re-resolved by the deterministic build."
blum1988nizk,inproceedings,Manuel Blum and Paul Feldman and Silvio Micali,Non-Interactive Zero-Knowledge and Its Applications,1988,doi,10.1145/62212.62222,stable-identifier-checked,https://doi.org/10.1145/62212.62222,yes,"Required fields, identifier syntax, uniqueness, and manuscript citation linkage checked offline; live metadata not re-resolved by the deterministic build."
boneh2013keyhom,inproceedings,Dan Boneh and Kevin Lewi and Hart Montgomery and Ananth Raghunathan,Key Homomorphic {PRFs} and Their Applications,2013,doi,10.1007/978-3-642-40041-4_23,stable-identifier-checked,https://doi.org/10.1007/978-3-642-40041-4_23,yes,"Required fields, identifier syntax, uniqueness, and manuscript citation linkage checked offline; live metadata not re-resolved by the deterministic build."
boneh2025evrf,inproceedings,Dan Boneh and Iftach Haitner and Yehuda Lindell and Gil Segev,Exponent-{VRFs} and Their Applications,2025,doi,10.1007/978-3-031-91098-2_8,primary-record-checked,https://doi.org/10.1007/978-3-031-91098-2_8,yes,Primary publisher or IACR record checked during final audit.
bracha1987asynchronous,article,Gabriel Bracha,Asynchronous Byzantine Agreement Protocols,1987,doi,10.1016/0890-5401(87)90054-X,stable-identifier-checked,https://doi.org/10.1016/0890-5401(87)90054-X,yes,"Required fields, identifier syntax, uniqueness, and manuscript citation linkage checked offline; live metadata not re-resolved by the deterministic build."
canetti2001uc,inproceedings,Ran Canetti,Universally Composable Security: A New Paradigm for Cryptographic Protocols,2001,doi,10.1109/SFCS.2001.959888,stable-identifier-checked,https://doi.org/10.1109/SFCS.2001.959888,yes,"Required fields, identifier syntax, uniqueness, and manuscript citation linkage checked offline; live metadata not re-resolved by the deterministic build."
canetti2000composition,article,Ran Canetti,Security and Composition of Multiparty Cryptographic Protocols,2000,doi,10.1007/s001459910006,stable-identifier-checked,https://doi.org/10.1007/s001459910006,yes,"Required fields, identifier syntax, uniqueness, and manuscript citation linkage checked offline; live metadata not re-resolved by the deterministic build."
canetti2021ecdsaabort,inproceedings,Ran Canetti and Rosario Gennaro and Steven Goldfeder and Nikolaos Makriyannis and Udi Peled,"{UC} Non-Interactive, Proactive, Threshold {ECDSA} with Identifiable Aborts",2020,doi,10.1145/3372297.3423367,primary-record-checked,https://doi.org/10.1145/3372297.3423367,yes,Primary publisher or IACR record checked during final audit.
castagnos2007dl,inproceedings,Guilhem Castagnos and Benoit Chevallier-Mames,Towards a {DL}-Based Additively Homomorphic Encryption Scheme,2007,doi,10.1007/978-3-540-75496-1_24,stable-identifier-checked,https://doi.org/10.1007/978-3-540-75496-1_24,yes,"Required fields, identifier syntax, uniqueness, and manuscript citation linkage checked offline; live metadata not re-resolved by the deterministic build."
castagnos2015ddh,inproceedings,Guilhem Castagnos and Fabien Laguillaumie,Linearly Homomorphic Encryption from {DDH},2015,doi,10.1007/978-3-319-16715-2_26,stable-identifier-checked,https://doi.org/10.1007/978-3-319-16715-2_26,yes,"Required fields, identifier syntax, uniqueness, and manuscript citation linkage checked offline; live metadata not re-resolved by the deterministic build."
chase2007simvrf,inproceedings,Melissa Chase and Anna Lysyanskaya,Simulatable {VRFs} with Applications to Multi-Theorem {NIZK},2007,doi,10.1007/978-3-540-74143-5_17,stable-identifier-checked,https://doi.org/10.1007/978-3-540-74143-5_17,yes,"Required fields, identifier syntax, uniqueness, and manuscript citation linkage checked offline; live metadata not re-resolved by the deterministic build."
chase2022dleq,misc,Melissa Chase and Michele Orru and Trevor Perrin and Greg Zaverucha,Proofs of Discrete Logarithm Equality Across Groups,2022,url,https://eprint.iacr.org/2022/1593,primary-record-checked,https://eprint.iacr.org/2022/1593,yes,Primary publisher or IACR record checked during final audit.
chaum1993wallet,inproceedings,David Chaum and Torben P. Pedersen,Wallet Databases with Observers,1993,doi,10.1007/3-540-48071-4_7,stable-identifier-checked,https://doi.org/10.1007/3-540-48071-4_7,yes,"Required fields, identifier syntax, uniqueness, and manuscript citation linkage checked offline; live metadata not re-resolved by the deterministic build."
chen2024feldman,misc,Yi-Hsiu Chen and Yehuda Lindell,Feldman's Verifiable Secret Sharing for a Dishonest Majority,2024,url,https://eprint.iacr.org/2024/031,stable-identifier-checked,https://eprint.iacr.org/2024/031,yes,"Required fields, identifier syntax, uniqueness, and manuscript citation linkage checked offline; live metadata not re-resolved by the deterministic build."
ciampi2022round,inproceedings,Michele Ciampi and Divya Ravi and Luisa Siniscalchi and Haris Waldner,Round-Optimal Multi-Party Computation with Identifiable Abort,2022,doi,10.1007/978-3-031-06944-4_12,stable-identifier-checked,https://doi.org/10.1007/978-3-031-06944-4_12,yes,"Required fields, identifier syntax, uniqueness, and manuscript citation linkage checked offline; live metadata not re-resolved by the deterministic build."
cleve1986limits,inproceedings,Richard Cleve,Limits on the Security of Coin Flips When Half the Processors Are Faulty,1986,doi,10.1145/12130.12168,stable-identifier-checked,https://doi.org/10.1145/12130.12168,yes,"Required fields, identifier syntax, uniqueness, and manuscript citation linkage checked offline; live metadata not re-resolved by the deterministic build."
cohen2014fairness,inproceedings,Ran Cohen and Yehuda Lindell,Fairness Versus Guaranteed Output Delivery in Secure Multiparty Computation,2014,doi,10.1007/978-3-662-45608-8_25,stable-identifier-checked,https://doi.org/10.1007/978-3-662-45608-8_25,yes,"Required fields, identifier syntax, uniqueness, and manuscript citation linkage checked offline; live metadata not re-resolved by the deterministic build."
cohen2024vindicating,inproceedings,Ran Cohen and Jack Doerner and Yashvanth Kondi and abhi shelat,Secure Multiparty Computation with Identifiable Abort via Vindicating Release,2024,doi,10.1007/978-3-031-68397-8_2,stable-identifier-checked,https://doi.org/10.1007/978-3-031-68397-8_2,yes,"Required fields, identifier syntax, uniqueness, and manuscript citation linkage checked offline; live metadata not re-resolved by the deterministic build."
cramer1994partial,inproceedings,Ronald Cramer and Ivan Damg{\aa}rd and Berry Schoenmakers,Proofs of Partial Knowledge and Simplified Design of Witness Hiding Protocols,1994,doi,10.1007/3-540-48658-5_19,stable-identifier-checked,https://doi.org/10.1007/3-540-48658-5_19,yes,"Required fields, identifier syntax, uniqueness, and manuscript citation linkage checked offline; live metadata not re-resolved by the deterministic build."
cunningham2017catching,inproceedings,Robert Cunningham and Benjamin Fuller and Sophia Yakoubov,Catching {MPC} Cheaters: Identification and Openability,2017,doi,10.1007/978-3-319-72089-0_7,stable-identifier-checked,https://doi.org/10.1007/978-3-319-72089-0_7,yes,"Required fields, identifier syntax, uniqueness, and manuscript citation linkage checked offline; live metadata not re-resolved by the deterministic build."
damgard2001jurik,inproceedings,Ivan Damg{\aa}rd and Mads Jurik,"A Generalisation, a Simplification and Some Applications of Paillier's Probabilistic Public-Key System",2001,doi,10.1007/3-540-44586-2_9,stable-identifier-checked,https://doi.org/10.1007/3-540-44586-2_9,yes,"Required fields, identifier syntax, uniqueness, and manuscript citation linkage checked offline; live metadata not re-resolved by the deterministic build."
damgard2012spdz,inproceedings,Ivan Damg{\aa}rd and Valerio Pastro and Nigel Smart and Sarah Zakarias,Multiparty Computation from Somewhat Homomorphic Encryption,2012,doi,10.1007/978-3-642-32009-5_38,stable-identifier-checked,https://doi.org/10.1007/978-3-642-32009-5_38,yes,"Required fields, identifier syntax, uniqueness, and manuscript citation linkage checked offline; live metadata not re-resolved by the deterministic build."
dolev1983authenticated,article,Danny Dolev and H. Raymond Strong,Authenticated Algorithms for Byzantine Agreement,1983,doi,10.1137/0212045,stable-identifier-checked,https://doi.org/10.1137/0212045,yes,"Required fields, identifier syntax, uniqueness, and manuscript citation linkage checked offline; live metadata not re-resolved by the deterministic build."
dwork1988partial,article,Cynthia Dwork and Nancy Lynch and Larry Stockmeyer,Consensus in the Presence of Partial Synchrony,1988,doi,10.1145/42282.42283,stable-identifier-checked,https://doi.org/10.1145/42282.42283,yes,"Required fields, identifier syntax, uniqueness, and manuscript citation linkage checked offline; live metadata not re-resolved by the deterministic build."
feldman1987vss,inproceedings,Paul Feldman,A Practical Scheme for Non-Interactive Verifiable Secret Sharing,1987,doi,10.1109/SFCS.1987.4,stable-identifier-checked,https://doi.org/10.1109/SFCS.1987.4,yes,"Required fields, identifier syntax, uniqueness, and manuscript citation linkage checked offline; live metadata not re-resolved by the deterministic build."
fouque2001dkg,inproceedings,Pierre-Alain Fouque and Jacques Stern,One Round Threshold Discrete-Log Key Generation without Private Channels,2001,doi,10.1007/3-540-44586-2_22,stable-identifier-checked,https://doi.org/10.1007/3-540-44586-2_22,yes,"Required fields, identifier syntax, uniqueness, and manuscript citation linkage checked offline; live metadata not re-resolved by the deterministic build."
garillot2021threshold,inproceedings,Fran\c{c}ois Garillot and Yashvanth Kondi and Payman Mohassel and Valeria Nikolaenko,Threshold Schnorr with Stateless Deterministic Signing from Standard Assumptions,2021,doi,10.1007/978-3-030-84242-0_6,stable-identifier-checked,https://doi.org/10.1007/978-3-030-84242-0_6,yes,"Required fields, identifier syntax, uniqueness, and manuscript citation linkage checked offline; live metadata not re-resolved by the deterministic build."
ggm1986prf,article,Oded Goldreich and Shafi Goldwasser and Silvio Micali,How to Construct Random Functions,1986,doi,10.1145/6490.6503,stable-identifier-checked,https://doi.org/10.1145/6490.6503,yes,"Required fields, identifier syntax, uniqueness, and manuscript citation linkage checked offline; live metadata not re-resolved by the deterministic build."
gmw1987mental,inproceedings,Oded Goldreich and Silvio Micali and Avi Wigderson,How to Play Any Mental Game,1987,doi,10.1145/28395.28420,stable-identifier-checked,https://doi.org/10.1145/28395.28420,yes,"Required fields, identifier syntax, uniqueness, and manuscript citation linkage checked offline; live metadata not re-resolved by the deterministic build."
goldreich2004foundations,book,Oded Goldreich,Foundations of Cryptography: Basic Applications,2004,isbn,9780521830843,primary-record-checked,https://www.cambridge.org/core/books/foundations-of-cryptography/,yes,Primary publisher or IACR record checked during final audit.
goldwasser1989knowledge,article,Shafi Goldwasser and Silvio Micali and Charles Rackoff,The Knowledge Complexity of Interactive Proof Systems,1989,doi,10.1137/0218012,stable-identifier-checked,https://doi.org/10.1137/0218012,yes,"Required fields, identifier syntax, uniqueness, and manuscript citation linkage checked offline; live metadata not re-resolved by the deterministic build."
groth2008nizk,inproceedings,Jens Groth and Amit Sahai,Efficient Non-Interactive Proof Systems for Bilinear Groups,2008,doi,10.1007/978-3-540-78967-3_24,stable-identifier-checked,https://doi.org/10.1007/978-3-540-78967-3_24,yes,"Required fields, identifier syntax, uniqueness, and manuscript citation linkage checked offline; live metadata not re-resolved by the deterministic build."
groth2021dkg,misc,Jens Groth,Non-Interactive Distributed Key Generation and Key Resharing,2021,url,https://eprint.iacr.org/2021/339,stable-identifier-checked,https://eprint.iacr.org/2021/339,yes,"Required fields, identifier syntax, uniqueness, and manuscript citation linkage checked offline; live metadata not re-resolved by the deterministic build."
hong2019covert,inproceedings,Chao Hong and Jonathan Katz and Vladimir Kolesnikov and Wen-jie Lu and Xiao Wang,"Covert Security with Public Verifiability: Faster, Leaner, and Simpler",2019,doi,10.1007/978-3-030-17659-4_4,stable-identifier-checked,https://doi.org/10.1007/978-3-030-17659-4_4,yes,"Required fields, identifier syntax, uniqueness, and manuscript citation linkage checked offline; live metadata not re-resolved by the deterministic build."
ishai2012cheaters,inproceedings,Yuval Ishai and Rafail Ostrovsky and Hakan Seyalioglu,Identifying Cheaters without an Honest Majority,2012,doi,10.1007/978-3-642-28914-9_2,stable-identifier-checked,https://doi.org/10.1007/978-3-642-28914-9_2,yes,"Required fields, identifier syntax, uniqueness, and manuscript citation linkage checked offline; live metadata not re-resolved by the deterministic build."
ishai2014abort,inproceedings,Yuval Ishai and Rafail Ostrovsky and Vassilis Zikas,Secure Multi-Party Computation with Identifiable Abort,2014,doi,10.1007/978-3-662-44381-1_21,stable-identifier-checked,https://doi.org/10.1007/978-3-662-44381-1_21,yes,"Required fields, identifier syntax, uniqueness, and manuscript citation linkage checked offline; live metadata not re-resolved by the deterministic build."
kanjalkar2021audit,inproceedings,Sushrut Kanjalkar and Ye Zhang and Shreyas Gandlur and Andrew Miller,Publicly Auditable {MPC}-as-a-Service with Succinct Verification and Universal Setup,2021,doi,10.1109/EuroSPW54576.2021.00048,stable-identifier-checked,https://doi.org/10.1109/EuroSPW54576.2021.00048,yes,"Required fields, identifier syntax, uniqueness, and manuscript citation linkage checked offline; live metadata not re-resolved by the deterministic build."
katz2023dkg,misc,Jonathan Katz,Round-Optimal Fully Secure Distributed Key Generation,2023,url,https://eprint.iacr.org/2023/1094,stable-identifier-checked,https://eprint.iacr.org/2023/1094,yes,"Required fields, identifier syntax, uniqueness, and manuscript citation linkage checked offline; live metadata not re-resolved by the deterministic build."
keller2016mascot,inproceedings,Marcel Keller and Emmanuela Orsini and Peter Scholl,{MASCOT}: Faster Malicious Arithmetic Secure Computation with Oblivious Transfer,2016,doi,10.1145/2976749.2978357,stable-identifier-checked,https://doi.org/10.1145/2976749.2978357,yes,"Required fields, identifier syntax, uniqueness, and manuscript citation linkage checked offline; live metadata not re-resolved by the deterministic build."
keller2018overdrive,inproceedings,Marcel Keller and Valerio Pastro and Dragos Rotaru,Overdrive: Making {SPDZ} Great Again,2018,doi,10.1007/978-3-319-78372-7_6,stable-identifier-checked,https://doi.org/10.1007/978-3-319-78372-7_6,yes,"Required fields, identifier syntax, uniqueness, and manuscript citation linkage checked offline; live metadata not re-resolved by the deterministic build."
kiayias2016ledger,inproceedings,Aggelos Kiayias and Hong-Sheng Zhou and Vassilis Zikas,Fair and Robust Multi-Party Computation Using a Global Transaction Ledger,2016,doi,10.1007/978-3-662-49896-5_25,stable-identifier-checked,https://doi.org/10.1007/978-3-662-49896-5_25,yes,"Required fields, identifier syntax, uniqueness, and manuscript citation linkage checked offline; live metadata not re-resolved by the deterministic build."
kolesnikov2015public,inproceedings,Vladimir Kolesnikov and Alex J. Malozemoff,Public Verifiability in the Covert Model (Almost) for Free,2015,doi,10.1007/978-3-662-48800-3_9,stable-identifier-checked,https://doi.org/10.1007/978-3-662-48800-3_9,yes,"Required fields, identifier syntax, uniqueness, and manuscript citation linkage checked offline; live metadata not re-resolved by the deterministic build."
komlo2021frost,inproceedings,Chelsea Komlo and Ian Goldberg,{FROST}: Flexible Round-Optimized Schnorr Threshold Signatures,2021,doi,10.1007/978-3-030-81652-0_2,stable-identifier-checked,https://doi.org/10.1007/978-3-030-81652-0_2,yes,"Required fields, identifier syntax, uniqueness, and manuscript citation linkage checked offline; live metadata not re-resolved by the deterministic build."
komlo2024arctic,inproceedings,Chelsea Komlo and Ian Goldberg,Arctic: Lightweight and Stateless Threshold Schnorr Signatures,2025,doi,10.1007/978-3-031-91832-2_8,primary-record-checked,https://doi.org/10.1007/978-3-031-91832-2_8,yes,Primary publisher or IACR record checked during final audit.
kusters2010accountability,inproceedings,"Ralf K{\""u}sters and Tomasz Truderung and Andreas Vogt",Accountability: Definition and Relationship to Verifiability,2010,doi,10.1145/1866307.1866366,stable-identifier-checked,https://doi.org/10.1145/1866307.1866366,yes,"Required fields, identifier syntax, uniqueness, and manuscript citation linkage checked offline; live metadata not re-resolved by the deterministic build."
lamport1982byzantine,article,Leslie Lamport and Robert Shostak and Marshall Pease,The Byzantine Generals Problem,1982,doi,10.1145/357172.357176,stable-identifier-checked,https://doi.org/10.1145/357172.357176,yes,"Required fields, identifier syntax, uniqueness, and manuscript citation linkage checked offline; live metadata not re-resolved by the deterministic build."
lindell2022schnorr,article,Yehuda Lindell,Simple Three-Round Multiparty Schnorr Signing with Full Simulatability,2024,doi,10.62056/a36c0l5vt,primary-record-checked,https://doi.org/10.62056/a36c0l5vt,yes,Primary publisher or IACR record checked during final audit.
micali1999vrf,inproceedings,Silvio Micali and Michael O. Rabin and Salil P. Vadhan,Verifiable Random Functions,1999,doi,10.1109/SFFCS.1999.814584,stable-identifier-checked,https://doi.org/10.1109/SFFCS.1999.814584,yes,"Required fields, identifier syntax, uniqueness, and manuscript citation linkage checked offline; live metadata not re-resolved by the deterministic build."
naor1999dprf,inproceedings,Moni Naor and Benny Pinkas and Omer Reingold,Distributed Pseudo-Random Functions and {KDCs},1999,doi,10.1007/3-540-48910-X_23,stable-identifier-checked,https://doi.org/10.1007/3-540-48910-X_23,yes,"Required fields, identifier syntax, uniqueness, and manuscript citation linkage checked offline; live metadata not re-resolved by the deterministic build."
nick2020musigdn,inproceedings,Jonas Nick and Tim Ruffing and Yannick Seurin and Pieter Wuille,{MuSig-DN}: Schnorr Multi-Signatures with Verifiably Deterministic Nonces,2020,doi,10.1145/3372297.3417236,stable-identifier-checked,https://doi.org/10.1145/3372297.3417236,yes,"Required fields, identifier syntax, uniqueness, and manuscript citation linkage checked offline; live metadata not re-resolved by the deterministic build."
paillier1999,inproceedings,Pascal Paillier,Public-Key Cryptosystems Based on Composite Degree Residuosity Classes,1999,doi,10.1007/3-540-48910-X_16,stable-identifier-checked,https://doi.org/10.1007/3-540-48910-X_16,yes,"Required fields, identifier syntax, uniqueness, and manuscript citation linkage checked offline; live metadata not re-resolved by the deterministic build."
pedersen1991vss,inproceedings,Torben P. Pedersen,Non-Interactive and Information-Theoretic Secure Verifiable Secret Sharing,1992,doi,10.1007/3-540-46766-1_9,stable-identifier-checked,https://doi.org/10.1007/3-540-46766-1_9,yes,"Required fields, identifier syntax, uniqueness, and manuscript citation linkage checked offline; live metadata not re-resolved by the deterministic build."
rivinius2022accountable,inproceedings,"Marc Rivinius and Peter Reisert and Daniel Rausch and Ralf K{\""u}sters",Publicly Accountable Robust Multi-Party Computation,2022,doi,10.1109/SP46214.2022.9833608,stable-identifier-checked,https://doi.org/10.1109/SP46214.2022.9833608,yes,"Required fields, identifier syntax, uniqueness, and manuscript citation linkage checked offline; live metadata not re-resolved by the deterministic build."
rivinius2025pia,inproceedings,Marc Rivinius,{MPC} with Publicly Identifiable Abort from Pseudorandomness and Homomorphic Encryption,2025,doi,10.1007/978-3-031-91092-0_10,primary-record-checked,https://doi.org/10.1007/978-3-031-91092-0_10,yes,Primary publisher or IACR record checked during final audit.
schoenmakers1999pvss,inproceedings,Berry Schoenmakers,A Simple Publicly Verifiable Secret Sharing Scheme and Its Application to Electronic Voting,1999,doi,10.1007/3-540-48405-1_10,stable-identifier-checked,https://doi.org/10.1007/3-540-48405-1_10,yes,"Required fields, identifier syntax, uniqueness, and manuscript citation linkage checked offline; live metadata not re-resolved by the deterministic build."
schnorr1991identification,article,Claus-Peter Schnorr,Efficient Signature Generation by Smart Cards,1991,doi,10.1007/BF00196725,stable-identifier-checked,https://doi.org/10.1007/BF00196725,yes,"Required fields, identifier syntax, uniqueness, and manuscript citation linkage checked offline; live metadata not re-resolved by the deterministic build."
shamir1979secret,article,Adi Shamir,How to Share a Secret,1979,doi,10.1145/359168.359176,stable-identifier-checked,https://doi.org/10.1145/359168.359176,yes,"Required fields, identifier syntax, uniqueness, and manuscript citation linkage checked offline; live metadata not re-resolved by the deterministic build."
simkin2022oracles,inproceedings,Mark Simkin and Luisa Siniscalchi and Sophia Yakoubov,On Sufficient Oracles for Secure Computation with Identifiable Abort,2022,doi,10.1007/978-3-031-14791-3_22,stable-identifier-checked,https://doi.org/10.1007/978-3-031-14791-3_22,yes,"Required fields, identifier syntax, uniqueness, and manuscript citation linkage checked offline; live metadata not re-resolved by the deterministic build."
spini2016spdz,inproceedings,Giovanni Spini and Serge Fehr,Cheater Detection in {SPDZ} Multiparty Computation,2016,doi,10.1007/978-3-319-49175-2_8,stable-identifier-checked,https://doi.org/10.1007/978-3-319-49175-2_8,yes,"Required fields, identifier syntax, uniqueness, and manuscript citation linkage checked offline; live metadata not re-resolved by the deterministic build."
stadler1996pvss,inproceedings,Markus Stadler,Publicly Verifiable Secret Sharing,1996,doi,10.1007/3-540-68339-9_17,stable-identifier-checked,https://doi.org/10.1007/3-540-68339-9_17,yes,"Required fields, identifier syntax, uniqueness, and manuscript citation linkage checked offline; live metadata not re-resolved by the deterministic build."
buenz2025golden,inproceedings,"Benedikt B\""unz and Kevin Choi and Chelsea Komlo",Golden: Lightweight Non-Interactive Distributed Key Generation,2026,doi,10.1007/978-3-032-35374-0_8,primary-record-checked,https://doi.org/10.1007/978-3-032-35374-0_8,yes,Primary publisher or IACR record checked during final audit.
gerhart2026adaptive,inproceedings,"Paul Gerhart and Davide Li Calsi and Luigi Russo and Dominique Schr\""oder",Fully-Adaptive Two-Round Threshold Schnorr Signatures from {DDH},2026,doi,10.1007/978-3-032-25317-0_9,primary-record-checked,https://doi.org/10.1007/978-3-032-25317-0_9,yes,Primary publisher or IACR record checked during final audit.
